<?xml version="1.0" encoding="UTF-8"?>
<GenRun Id="impl_1" LaunchPart="xc7a35tcpg236-1" LaunchTime="1707369738">
  <File Type="BITSTR-BMM" Name="top_FSM_bd.bmm"/>
  <File Type="OPT-METHODOLOGY-DRC" Name="top_FSM_methodology_drc_opted.rpt"/>
  <File Type="INIT-TIMING" Name="top_FSM_timing_summary_init.rpt"/>
  <File Type="ROUTE-PWR" Name="top_FSM_power_routed.rpt"/>
  <File Type="PA-TCL" Name="top_FSM.tcl"/>
  <File Type="OPT-TIMING" Name="top_FSM_timing_summary_opted.rpt"/>
  <File Type="OPT-DCP" Name="top_FSM_opt.dcp"/>
  <File Type="ROUTE-PWR-SUM" Name="top_FSM_power_summary_routed.pb"/>
  <File Type="REPORTS-TCL" Name="top_FSM_reports.tcl"/>
  <File Type="OPT-DRC" Name="top_FSM_drc_opted.rpt"/>
  <File Type="OPT-HWDEF" Name="top_FSM.hwdef"/>
  <File Type="PWROPT-DCP" Name="top_FSM_pwropt.dcp"/>
  <File Type="PWROPT-DRC" Name="top_FSM_drc_pwropted.rpt"/>
  <File Type="PWROPT-TIMING" Name="top_FSM_timing_summary_pwropted.rpt"/>
  <File Type="PLACE-DCP" Name="top_FSM_placed.dcp"/>
  <File Type="PLACE-IO" Name="top_FSM_io_placed.rpt"/>
  <File Type="PLACE-CLK" Name="top_FSM_clock_utilization_placed.rpt"/>
  <File Type="PLACE-UTIL" Name="top_FSM_utilization_placed.rpt"/>
  <File Type="PLACE-UTIL-PB" Name="top_FSM_utilization_placed.pb"/>
  <File Type="PLACE-CTRL" Name="top_FSM_control_sets_placed.rpt"/>
  <File Type="PLACE-SIMILARITY" Name="top_FSM_incremental_reuse_placed.rpt"/>
  <File Type="PLACE-PRE-SIMILARITY" Name="top_FSM_incremental_reuse_pre_placed.rpt"/>
  <File Type="BG-BGN" Name="top_FSM.bgn"/>
  <File Type="PLACE-TIMING" Name="top_FSM_timing_summary_placed.rpt"/>
  <File Type="POSTPLACE-PWROPT-DCP" Name="top_FSM_postplace_pwropt.dcp"/>
  <File Type="BG-BIN" Name="top_FSM.bin"/>
  <File Type="POSTPLACE-PWROPT-TIMING" Name="top_FSM_timing_summary_postplace_pwropted.rpt"/>
  <File Type="PHYSOPT-DCP" Name="top_FSM_physopt.dcp"/>
  <File Type="PHYSOPT-DRC" Name="top_FSM_drc_physopted.rpt"/>
  <File Type="BITSTR-MSK" Name="top_FSM.msk"/>
  <File Type="PHYSOPT-TIMING" Name="top_FSM_timing_summary_physopted.rpt"/>
  <File Type="ROUTE-ERROR-DCP" Name="top_FSM_routed_error.dcp"/>
  <File Type="ROUTE-DCP" Name="top_FSM_routed.dcp"/>
  <File Type="ROUTE-BLACKBOX-DCP" Name="top_FSM_routed_bb.dcp"/>
  <File Type="ROUTE-DRC" Name="top_FSM_drc_routed.rpt"/>
  <File Type="ROUTE-DRC-PB" Name="top_FSM_drc_routed.pb"/>
  <File Type="BITSTR-LTX" Name="debug_nets.ltx"/>
  <File Type="BITSTR-LTX" Name="top_FSM.ltx"/>
  <File Type="ROUTE-DRC-RPX" Name="top_FSM_drc_routed.rpx"/>
  <File Type="BITSTR-MMI" Name="top_FSM.mmi"/>
  <File Type="ROUTE-METHODOLOGY-DRC" Name="top_FSM_methodology_drc_routed.rpt"/>
  <File Type="ROUTE-METHODOLOGY-DRC-RPX" Name="top_FSM_methodology_drc_routed.rpx"/>
  <File Type="BITSTR-SYSDEF" Name="top_FSM.sysdef"/>
  <File Type="ROUTE-METHODOLOGY-DRC-PB" Name="top_FSM_methodology_drc_routed.pb"/>
  <File Type="ROUTE-PWR-RPX" Name="top_FSM_power_routed.rpx"/>
  <File Type="ROUTE-STATUS" Name="top_FSM_route_status.rpt"/>
  <File Type="ROUTE-STATUS-PB" Name="top_FSM_route_status.pb"/>
  <File Type="ROUTE-TIMINGSUMMARY" Name="top_FSM_timing_summary_routed.rpt"/>
  <File Type="ROUTE-TIMING-PB" Name="top_FSM_timing_summary_routed.pb"/>
  <File Type="ROUTE-TIMING-RPX" Name="top_FSM_timing_summary_routed.rpx"/>
  <File Type="ROUTE-SIMILARITY" Name="top_FSM_incremental_reuse_routed.rpt"/>
  <File Type="ROUTE-CLK" Name="top_FSM_clock_utilization_routed.rpt"/>
  <File Type="ROUTE-BUS-SKEW" Name="top_FSM_bus_skew_routed.rpt"/>
  <File Type="ROUTE-BUS-SKEW-PB" Name="top_FSM_bus_skew_routed.pb"/>
  <File Type="ROUTE-BUS-SKEW-RPX" Name="top_FSM_bus_skew_routed.rpx"/>
  <File Type="POSTROUTE-PHYSOPT-DCP" Name="top_FSM_postroute_physopt.dcp"/>
  <File Type="POSTROUTE-PHYSOPT-BLACKBOX-DCP" Name="top_FSM_postroute_physopt_bb.dcp"/>
  <File Type="POSTROUTE-PHYSOPT-TIMING" Name="top_FSM_timing_summary_postroute_physopted.rpt"/>
  <File Type="POSTROUTE-PHYSOPT-TIMING-PB" Name="top_FSM_timing_summary_postroute_physopted.pb"/>
  <File Type="POSTROUTE-PHYSOPT-TIMING-RPX" Name="top_FSM_timing_summary_postroute_physopted.rpx"/>
  <File Type="POSTROUTE-PHYSOPT-BUS-SKEW" Name="top_FSM_bus_skew_postroute_physopted.rpt"/>
  <File Type="POSTROUTE-PHYSOPT-BUS-SKEW-PB" Name="top_FSM_bus_skew_postroute_physopted.pb"/>
  <File Type="BG-BIT" Name="top_FSM.bit"/>
  <File Type="POSTROUTE-PHYSOPT-BUS-SKEW-RPX" Name="top_FSM_bus_skew_postroute_physopted.rpx"/>
  <File Type="BITSTR-RBT" Name="top_FSM.rbt"/>
  <File Type="BITSTR-NKY" Name="top_FSM.nky"/>
  <File Type="BG-DRC" Name="top_FSM.drc"/>
  <File Type="RDI-RDI" Name="top_FSM.vdi"/>
  <File Type="WBT-USG" Name="usage_statistics_webtalk.html"/>
  <FileSet Name="sources" Type="DesignSrcs" RelSrcDir="$PSRCDIR/sources_1">
    <Filter Type="Srcs"/>
    <File Path="$PPRDIR/lab 1 stuffs/clkgen.v">
      <FileInfo>
        <Attr Name="UsedIn" Val="synthesis"/>
        <Attr Name="UsedIn" Val="implementation"/>
        <Attr Name="UsedIn" Val="simulation"/>
      </FileInfo>
    </File>
    <File Path="$PSRCDIR/sources_1/new/lab1_FSM.v">
      <FileInfo>
        <Attr Name="UsedIn" Val="synthesis"/>
        <Attr Name="UsedIn" Val="implementation"/>
        <Attr Name="UsedIn" Val="simulation"/>
      </FileInfo>
    </File>
    <File Path="$PPRDIR/lab 1 stuffs/seven_seg.v">
      <FileInfo>
        <Attr Name="UsedIn" Val="synthesis"/>
        <Attr Name="UsedIn" Val="implementation"/>
        <Attr Name="UsedIn" Val="simulation"/>
      </FileInfo>
    </File>
    <File Path="$PPRDIR/lab 1 stuffs/top_FSM.v">
      <FileInfo>
        <Attr Name="UsedIn" Val="synthesis"/>
        <Attr Name="UsedIn" Val="implementation"/>
        <Attr Name="UsedIn" Val="simulation"/>
      </FileInfo>
    </File>
    <Config>
      <Option Name="DesignMode" Val="RTL"/>
      <Option Name="TopModule" Val="top_FSM"/>
      <Option Name="TopAutoSet" Val="TRUE"/>
    </Config>
  </FileSet>
  <FileSet Name="constrs_in" Type="Constrs" RelSrcDir="$PSRCDIR/constrs_1">
    <Filter Type="Constrs"/>
    <File Path="$PPRDIR/lab 1 stuffs/Lab1.xdc">
      <FileInfo>
        <Attr Name="UsedIn" Val="synthesis"/>
        <Attr Name="UsedIn" Val="implementation"/>
      </FileInfo>
    </File>
    <Config>
      <Option Name="ConstrsType" Val="XDC"/>
    </Config>
  </FileSet>
  <FileSet Name="utils" Type="Utils" RelSrcDir="$PSRCDIR/utils_1">
    <Filter Type="Utils"/>
    <Config>
      <Option Name="TopAutoSet" Val="TRUE"/>
    </Config>
  </FileSet>
  <Strategy Version="1" Minor="2">
    <StratHandle Name="Vivado Implementation Defaults" Flow="Vivado Implementation 2018"/>
    <Step Id="init_design"/>
    <Step Id="opt_design"/>
    <Step Id="power_opt_design"/>
    <Step Id="place_design"/>
    <Step Id="post_place_power_opt_design"/>
    <Step Id="phys_opt_design"/>
    <Step Id="route_design"/>
    <Step Id="post_route_phys_opt_design"/>
    <Step Id="write_bitstream"/>
  </Strategy>
</GenRun>
